".id","bclass.pred","mclass.pred"
"url3","Positive","Potentially unlawful activity"
"url6","Negative","N/A: No relevant content."
"url8","Negative","N/A: No relevant content."
"url9","Negative","N/A: No relevant content."
"url11","Positive","N/A: No relevant content."
"url16","Negative","N/A: No relevant content."
"url20","Negative","N/A: No relevant content."
"url23","Negative","N/A: No relevant content."
"url27","Positive","Possible Fatality"
"url30","Positive","Possible Fatality"
"url34","Positive","Physical Activity"
"url40","Negative","N/A: No relevant content."
"url45","Positive","Physical Activity"
"url46","Positive","Possible Fatality"
"url48","Positive","Possible Fatality"
"url55","Negative","N/A: No relevant content."
"url58","Negative","N/A: No relevant content."
"url59","Negative","N/A: No relevant content."
"url65","Positive","Potentially unlawful activity"
"url68","Negative","N/A: No relevant content."
"url71","Negative","N/A: No relevant content."
"url72","Negative","N/A: No relevant content."
"url74","Positive","Possible Fatality"
"url82","Negative","N/A: No relevant content."
"url87","Negative","N/A: No relevant content."
"url95","Negative","N/A: No relevant content."
"url105","Negative","N/A: No relevant content."
"url111","Positive","Potentially unlawful activity"
"url116","Negative","N/A: No relevant content."
"url118","Positive","N/A: No relevant content."
"url119","Positive","Possible Fatality"
"url124","Negative","N/A: No relevant content."
"url129","Positive","Potentially unlawful activity"
"url131","Positive","Physical Activity"
"url133","Negative","N/A: No relevant content."
"url134","Negative","N/A: No relevant content."
"url136","Positive","Potentially unlawful activity"
"url152","Positive","Physical Activity"
"url153","Positive","Physical Activity"
"url158","Negative","N/A: No relevant content."
"url159","Negative","N/A: No relevant content."
"url160","Negative","N/A: No relevant content."
"url161","Positive","N/A: No relevant content."
"url162","Negative","N/A: No relevant content."
"url163","Positive","Potentially unlawful activity"
"url166","Negative","Physical Activity"
"url167","Positive","N/A: No relevant content."
"url169","Positive","Potentially unlawful activity"
"url173","Positive","Possible Fatality"
"url181","Negative","N/A: No relevant content."
"url182","Negative","N/A: No relevant content."
"url184","Negative","N/A: No relevant content."
"url186","Negative","N/A: No relevant content."
"url189","Positive","N/A: No relevant content."
"url190","Negative","N/A: No relevant content."
"url195","Negative","Potentially unlawful activity"
"url196","Negative","Potentially unlawful activity"
"url197","Negative","N/A: No relevant content."
"url198","Positive","Potentially unlawful activity"
"url204","Negative","N/A: No relevant content."
"url216","Negative","N/A: No relevant content."
"url217","Positive","N/A: No relevant content."
"url218","Positive","N/A: No relevant content."
"url219","Positive","Possible Fatality"
"url224","Positive","Possible Fatality"
"url225","Positive","Potentially unlawful activity"
"url227","Positive","N/A: No relevant content."
"url229","Positive","N/A: No relevant content."
"url234","Negative","N/A: No relevant content."
"url238","Positive","Potentially unlawful activity"
"url239","Positive","Potentially unlawful activity"
"url251","Negative","N/A: No relevant content."
"url253","Negative","N/A: No relevant content."
"url254","Negative","N/A: No relevant content."
"url257","Positive","Other claim content"
"url261","Negative","N/A: No relevant content."
"url262","Negative","N/A: No relevant content."
"url263","Positive","Other claim content"
"url270","Positive","Possible Fatality"
"url275","Positive","N/A: No relevant content."
"url277","Negative","N/A: No relevant content."
"url280","Positive","Physical Activity"
"url284","Positive","Potentially unlawful activity"
"url285","Negative","N/A: No relevant content."
"url286","Positive","Possible Fatality"
"url289","Positive","Potentially unlawful activity"
"url291","Negative","N/A: No relevant content."
"url294","Negative","N/A: No relevant content."
"url299","Positive","N/A: No relevant content."
"url302","Positive","Possible Fatality"
"url304","Positive","N/A: No relevant content."
"url305","Negative","N/A: No relevant content."
"url308","Positive","N/A: No relevant content."
"url313","Positive","N/A: No relevant content."
"url314","Negative","N/A: No relevant content."
"url319","Negative","N/A: No relevant content."
"url328","Positive","N/A: No relevant content."
"url333","Negative","N/A: No relevant content."
"url337","Positive","Potentially unlawful activity"
"url339","Negative","N/A: No relevant content."
"url340","Negative","N/A: No relevant content."
"url344","Positive","Physical Activity"
"url347","Positive","Physical Activity"
"url349","Positive","N/A: No relevant content."
"url356","Negative","N/A: No relevant content."
"url359","Negative","N/A: No relevant content."
"url362","Positive","N/A: No relevant content."
"url363","Positive","Possible Fatality"
"url368","Positive","N/A: No relevant content."
"url369","Negative","N/A: No relevant content."
"url373","Positive","Possible Fatality"
"url374","Negative","N/A: No relevant content."
"url375","Negative","N/A: No relevant content."
"url381","Negative","N/A: No relevant content."
"url390","Positive","Possible Fatality"
"url393","Negative","N/A: No relevant content."
"url404","Negative","N/A: No relevant content."
"url407","Negative","N/A: No relevant content."
"url408","Positive","Possible Fatality"
"url409","Positive","N/A: No relevant content."
"url410","Positive","Possible Fatality"
"url414","Positive","N/A: No relevant content."
"url416","Negative","N/A: No relevant content."
"url420","Negative","N/A: No relevant content."
"url425","Negative","N/A: No relevant content."
"url431","Negative","N/A: No relevant content."
"url437","Positive","Possible Fatality"
"url438","Positive","Physical Activity"
"url439","Negative","Possible Fatality"
"url441","Positive","N/A: No relevant content."
"url446","Negative","N/A: No relevant content."
"url448","Negative","N/A: No relevant content."
"url450","Negative","Potentially unlawful activity"
"url456","Positive","Potentially unlawful activity"
"url464","Negative","N/A: No relevant content."
"url465","Positive","N/A: No relevant content."
"url470","Negative","N/A: No relevant content."
"url473","Positive","Possible Fatality"
"url477","Negative","N/A: No relevant content."
"url478","Negative","N/A: No relevant content."
"url479","Negative","N/A: No relevant content."
"url488","Negative","N/A: No relevant content."
"url489","Negative","N/A: No relevant content."
"url492","Negative","N/A: No relevant content."
"url497","Positive","N/A: No relevant content."
"url498","Negative","N/A: No relevant content."
"url500","Negative","N/A: No relevant content."
"url504","Positive","N/A: No relevant content."
"url506","Positive","Possible Fatality"
"url510","Negative","N/A: No relevant content."
"url515","Negative","N/A: No relevant content."
"url519","Positive","Possible Fatality"
"url520","Positive","Potentially unlawful activity"
"url524","Positive","Potentially unlawful activity"
"url528","Positive","Potentially unlawful activity"
"url536","Negative","N/A: No relevant content."
"url537","Positive","Potentially unlawful activity"
"url539","Negative","N/A: No relevant content."
"url541","Negative","N/A: No relevant content."
"url542","Positive","Physical Activity"
"url543","Negative","N/A: No relevant content."
"url544","Positive","N/A: No relevant content."
"url555","Positive","Possible Fatality"
"url557","Positive","N/A: No relevant content."
"url559","Negative","N/A: No relevant content."
"url561","Positive","Potentially unlawful activity"
"url564","Positive","Potentially unlawful activity"
"url567","Positive","Potentially unlawful activity"
"url568","Negative","N/A: No relevant content."
"url569","Positive","Potentially unlawful activity"
"url570","Positive","Potentially unlawful activity"
"url571","Positive","Potentially unlawful activity"
"url572","Positive","N/A: No relevant content."
"url574","Negative","N/A: No relevant content."
"url580","Negative","N/A: No relevant content."
"url590","Negative","N/A: No relevant content."
"url594","Negative","N/A: No relevant content."
"url595","Negative","N/A: No relevant content."
"url596","Negative","N/A: No relevant content."
"url597","Negative","Possible Fatality"
"url604","Positive","N/A: No relevant content."
"url607","Negative","N/A: No relevant content."
"url609","Positive","Potentially unlawful activity"
"url610","Positive","Other claim content"
"url617","Negative","N/A: No relevant content."
"url618","Positive","N/A: No relevant content."
"url621","Negative","N/A: No relevant content."
"url623","Negative","N/A: No relevant content."
"url629","Negative","N/A: No relevant content."
"url637","Positive","N/A: No relevant content."
"url640","Negative","N/A: No relevant content."
"url641","Negative","N/A: No relevant content."
"url643","Positive","Potentially unlawful activity"
"url650","Negative","N/A: No relevant content."
"url651","Positive","Potentially unlawful activity"
"url660","Negative","N/A: No relevant content."
"url665","Negative","N/A: No relevant content."
"url668","Positive","Potentially unlawful activity"
"url671","Negative","N/A: No relevant content."
"url674","Positive","Potentially unlawful activity"
"url676","Negative","N/A: No relevant content."
"url677","Positive","Potentially unlawful activity"
"url679","Positive","Possible Fatality"
"url682","Positive","Potentially unlawful activity"
"url684","Positive","Potentially unlawful activity"
"url691","Positive","Possible Fatality"
"url699","Positive","N/A: No relevant content."
"url705","Negative","N/A: No relevant content."
"url706","Negative","N/A: No relevant content."
"url708","Negative","N/A: No relevant content."
"url709","Negative","N/A: No relevant content."
"url710","Positive","N/A: No relevant content."
"url712","Positive","N/A: No relevant content."
"url717","Positive","Potentially unlawful activity"
"url722","Negative","N/A: No relevant content."
"url728","Positive","N/A: No relevant content."
"url730","Positive","Possible Fatality"
"url735","Negative","N/A: No relevant content."
"url736","Positive","N/A: No relevant content."
"url738","Positive","Possible Fatality"
"url747","Negative","N/A: No relevant content."
"url748","Negative","N/A: No relevant content."
"url755","Negative","Possible Fatality"
"url758","Positive","Possible Fatality"
"url761","Negative","N/A: No relevant content."
"url768","Positive","Possible Fatality"
"url771","Negative","N/A: No relevant content."
"url778","Negative","N/A: No relevant content."
"url782","Positive","Possible Fatality"
"url783","Positive","N/A: No relevant content."
"url785","Positive","Other claim content"
"url791","Positive","N/A: No relevant content."
"url792","Negative","N/A: No relevant content."
"url795","Positive","Potentially unlawful activity"
"url796","Positive","Potentially unlawful activity"
"url799","Negative","N/A: No relevant content."
"url802","Negative","N/A: No relevant content."
"url803","Positive","Possible Fatality"
"url806","Positive","Physical Activity"
"url809","Negative","N/A: No relevant content."
"url811","Positive","Possible Fatality"
"url817","Negative","N/A: No relevant content."
"url820","Negative","N/A: No relevant content."
"url821","Negative","N/A: No relevant content."
"url825","Positive","Physical Activity"
"url826","Positive","N/A: No relevant content."
"url828","Positive","Physical Activity"
"url842","Positive","Potentially unlawful activity"
"url845","Positive","N/A: No relevant content."
"url847","Negative","N/A: No relevant content."
"url848","Positive","Potentially unlawful activity"
"url849","Negative","N/A: No relevant content."
"url856","Positive","Possible Fatality"
"url859","Positive","Possible Fatality"
"url862","Positive","Possible Fatality"
"url863","Negative","Other claim content"
"url867","Negative","N/A: No relevant content."
"url873","Positive","N/A: No relevant content."
"url874","Positive","N/A: No relevant content."
"url875","Positive","N/A: No relevant content."
"url876","Positive","Potentially unlawful activity"
"url880","Positive","Possible Fatality"
"url883","Negative","N/A: No relevant content."
"url884","Positive","N/A: No relevant content."
"url887","Negative","N/A: No relevant content."
"url890","Positive","Other claim content"
"url891","Negative","N/A: No relevant content."
"url894","Positive","Physical Activity"
"url895","Negative","N/A: No relevant content."
"url896","Negative","N/A: No relevant content."
"url899","Positive","Potentially unlawful activity"
"url905","Negative","N/A: No relevant content."
"url909","Negative","N/A: No relevant content."
"url912","Positive","N/A: No relevant content."
"url921","Positive","N/A: No relevant content."
"url923","Negative","N/A: No relevant content."
"url930","Negative","N/A: No relevant content."
"url937","Negative","N/A: No relevant content."
"url940","Positive","Potentially unlawful activity"
"url942","Negative","N/A: No relevant content."
"url943","Negative","N/A: No relevant content."
"url944","Positive","Possible Fatality"
"url945","Positive","Other claim content"
"url948","Positive","Possible Fatality"
"url955","Negative","N/A: No relevant content."
"url956","Negative","N/A: No relevant content."
"url962","Negative","N/A: No relevant content."
"url963","Positive","Possible Fatality"
"url966","Negative","N/A: No relevant content."
"url974","Negative","N/A: No relevant content."
"url981","Positive","Potentially unlawful activity"
"url984","Positive","Possible Fatality"
"url987","Positive","Possible Fatality"
"url989","Positive","N/A: No relevant content."
"url995","Negative","Physical Activity"
"url996","Negative","N/A: No relevant content."
"url997","Negative","N/A: No relevant content."
"url1002","Negative","N/A: No relevant content."
"url1004","Negative","N/A: No relevant content."
"url1005","Negative","N/A: No relevant content."
"url1019","Negative","N/A: No relevant content."
"url1022","Negative","N/A: No relevant content."
"url1024","Negative","N/A: No relevant content."
"url1026","Negative","N/A: No relevant content."
"url1034","Negative","N/A: No relevant content."
"url1039","Negative","N/A: No relevant content."
"url1041","Negative","N/A: No relevant content."
"url1043","Positive","Physical Activity"
"url1052","Positive","Physical Activity"
"url1053","Negative","N/A: No relevant content."
"url1055","Positive","Physical Activity"
"url1061","Positive","N/A: No relevant content."
"url1070","Negative","N/A: No relevant content."
"url1072","Positive","Possible Fatality"
"url1074","Negative","N/A: No relevant content."
"url1075","Negative","N/A: No relevant content."
"url1077","Positive","N/A: No relevant content."
"url1079","Negative","N/A: No relevant content."
"url1081","Positive","Possible Fatality"
"url1082","Positive","Possible Fatality"
"url1088","Positive","Potentially unlawful activity"
"url1093","Negative","N/A: No relevant content."
"url1099","Positive","Possible Fatality"
"url1104","Positive","Possible Fatality"
"url1105","Negative","N/A: No relevant content."
"url1107","Positive","N/A: No relevant content."
"url1110","Positive","Physical Activity"
"url1111","Positive","Possible Fatality"
"url1113","Positive","Possible Fatality"
"url1115","Positive","N/A: No relevant content."
"url1120","Negative","N/A: No relevant content."
"url1127","Positive","N/A: No relevant content."
"url1131","Negative","N/A: No relevant content."
"url1143","Negative","N/A: No relevant content."
"url1146","Positive","Possible Fatality"
"url1147","Positive","Possible Fatality"
"url1150","Positive","Possible Fatality"
"url1152","Positive","Possible Fatality"
"url1156","Positive","Possible Fatality"
"url1157","Positive","Possible Fatality"
"url1159","Negative","N/A: No relevant content."
"url1161","Negative","N/A: No relevant content."
"url1164","Negative","N/A: No relevant content."
"url1165","Negative","N/A: No relevant content."
"url1174","Positive","Possible Fatality"
"url1176","Positive","Physical Activity"
"url1177","Positive","Possible Fatality"
"url1181","Negative","N/A: No relevant content."
"url1183","Negative","N/A: No relevant content."
"url1190","Positive","Physical Activity"
"url1191","Negative","N/A: No relevant content."
"url1192","Negative","N/A: No relevant content."
"url1196","Negative","N/A: No relevant content."
"url1197","Negative","N/A: No relevant content."
"url1204","Negative","N/A: No relevant content."
"url1205","Positive","N/A: No relevant content."
"url1206","Positive","N/A: No relevant content."
"url1209","Positive","Possible Fatality"
"url1211","Positive","Physical Activity"
"url1216","Negative","N/A: No relevant content."
"url1218","Negative","N/A: No relevant content."
"url1219","Negative","N/A: No relevant content."
"url1222","Negative","N/A: No relevant content."
"url1224","Negative","N/A: No relevant content."
"url1229","Negative","N/A: No relevant content."
"url1239","Negative","N/A: No relevant content."
"url1241","Positive","Potentially unlawful activity"
"url1248","Negative","N/A: No relevant content."
"url1249","Negative","N/A: No relevant content."
"url1251","Negative","N/A: No relevant content."
"url1254","Positive","Potentially unlawful activity"
"url1256","Negative","N/A: No relevant content."
"url1262","Positive","N/A: No relevant content."
"url1263","Negative","N/A: No relevant content."
"url1264","Negative","N/A: No relevant content."
"url1265","Positive","N/A: No relevant content."
"url1267","Negative","Other claim content"
"url1268","Negative","N/A: No relevant content."
"url1270","Negative","N/A: No relevant content."
"url1275","Positive","Possible Fatality"
"url1279","Negative","N/A: No relevant content."
"url1280","Negative","N/A: No relevant content."
"url1282","Negative","N/A: No relevant content."
"url1290","Negative","N/A: No relevant content."
"url1292","Negative","N/A: No relevant content."
"url1297","Positive","Possible Fatality"
"url1301","Negative","N/A: No relevant content."
"url1302","Positive","N/A: No relevant content."
"url1304","Negative","N/A: No relevant content."
"url1306","Negative","N/A: No relevant content."
"url1310","Negative","N/A: No relevant content."
"url1315","Positive","Possible Fatality"
"url1317","Negative","N/A: No relevant content."
"url1320","Negative","N/A: No relevant content."
"url1324","Negative","N/A: No relevant content."
"url1326","Positive","Physical Activity"
"url1327","Positive","Possible Fatality"
"url1329","Negative","N/A: No relevant content."
"url1341","Negative","N/A: No relevant content."
"url1344","Negative","N/A: No relevant content."
"url1349","Negative","N/A: No relevant content."
"url1351","Negative","N/A: No relevant content."
"url1352","Positive","Physical Activity"
"url1360","Negative","N/A: No relevant content."
"url1361","Negative","N/A: No relevant content."
"url1368","Negative","N/A: No relevant content."
"url1370","Negative","N/A: No relevant content."
"url1371","Negative","N/A: No relevant content."
"url1373","Positive","N/A: No relevant content."
"url1375","Negative","N/A: No relevant content."
"url1386","Negative","N/A: No relevant content."
"url1392","Positive","Physical Activity"
"url1393","Positive","Physical Activity"
"url1396","Negative","N/A: No relevant content."
"url1399","Negative","N/A: No relevant content."
"url1404","Positive","N/A: No relevant content."
"url1415","Positive","N/A: No relevant content."
"url1417","Negative","Other claim content"
"url1426","Negative","N/A: No relevant content."
"url1430","Negative","N/A: No relevant content."
"url1432","Negative","N/A: No relevant content."
"url1435","Positive","N/A: No relevant content."
"url1436","Negative","N/A: No relevant content."
"url1440","Negative","N/A: No relevant content."
"url1443","Negative","N/A: No relevant content."
"url1444","Positive","Other claim content"
"url1445","Positive","N/A: No relevant content."
"url1446","Negative","N/A: No relevant content."
"url1451","Negative","N/A: No relevant content."
"url1455","Negative","N/A: No relevant content."
"url1457","Negative","N/A: No relevant content."
"url1464","Negative","N/A: No relevant content."
"url1465","Negative","N/A: No relevant content."
"url1467","Positive","N/A: No relevant content."
"url1472","Negative","N/A: No relevant content."
"url1474","Negative","N/A: No relevant content."
"url1476","Negative","N/A: No relevant content."
"url1484","Negative","N/A: No relevant content."
"url1488","Positive","N/A: No relevant content."
"url1490","Positive","N/A: No relevant content."
"url1492","Negative","Other claim content"
"url1494","Negative","N/A: No relevant content."
"url1496","Positive","Possible Fatality"
"url1497","Positive","Possible Fatality"
"url1498","Negative","N/A: No relevant content."
"url1499","Positive","Potentially unlawful activity"
"url1507","Positive","Possible Fatality"
"url1508","Negative","N/A: No relevant content."
"url1510","Positive","Possible Fatality"
"url1513","Negative","N/A: No relevant content."
"url1515","Positive","Potentially unlawful activity"
"url1521","Negative","N/A: No relevant content."
"url1522","Positive","N/A: No relevant content."
"url1525","Positive","N/A: No relevant content."
"url1528","Negative","N/A: No relevant content."
"url1534","Negative","N/A: No relevant content."
"url1535","Negative","N/A: No relevant content."
"url1536","Negative","N/A: No relevant content."
"url1541","Negative","N/A: No relevant content."
"url1546","Negative","N/A: No relevant content."
"url1548","Positive","Potentially unlawful activity"
"url1550","Positive","Potentially unlawful activity"
"url1552","Negative","N/A: No relevant content."
"url1559","Negative","N/A: No relevant content."
"url1562","Negative","N/A: No relevant content."
"url1563","Negative","N/A: No relevant content."
"url1564","Negative","N/A: No relevant content."
"url1565","Negative","N/A: No relevant content."
"url1571","Negative","N/A: No relevant content."
"url1575","Negative","N/A: No relevant content."
"url1578","Negative","N/A: No relevant content."
"url1580","Positive","Other claim content"
"url1583","Positive","Potentially unlawful activity"
"url1584","Positive","Potentially unlawful activity"
"url1593","Negative","N/A: No relevant content."
"url1594","Positive","Potentially unlawful activity"
"url1595","Positive","Potentially unlawful activity"
"url1596","Negative","N/A: No relevant content."
"url1601","Negative","Other claim content"
"url1609","Positive","Possible Fatality"
"url1612","Negative","N/A: No relevant content."
"url1614","Negative","N/A: No relevant content."
"url1620","Positive","N/A: No relevant content."
"url1628","Positive","Physical Activity"
"url1629","Negative","N/A: No relevant content."
"url1631","Positive","Physical Activity"
"url1633","Positive","Physical Activity"
"url1635","Positive","Other claim content"
"url1641","Negative","N/A: No relevant content."
"url1642","Negative","N/A: No relevant content."
"url1643","Negative","N/A: No relevant content."
"url1655","Negative","N/A: No relevant content."
"url1658","Negative","N/A: No relevant content."
"url1659","Positive","Potentially unlawful activity"
"url1665","Positive","Potentially unlawful activity"
"url1675","Negative","N/A: No relevant content."
"url1682","Positive","N/A: No relevant content."
"url1686","Negative","N/A: No relevant content."
"url1691","Positive","N/A: No relevant content."
"url1697","Positive","N/A: No relevant content."
"url1702","Negative","N/A: No relevant content."
"url1703","Negative","N/A: No relevant content."
"url1707","Negative","N/A: No relevant content."
"url1714","Negative","N/A: No relevant content."
"url1718","Negative","N/A: No relevant content."
"url1722","Negative","N/A: No relevant content."
"url1723","Negative","N/A: No relevant content."
"url1724","Negative","N/A: No relevant content."
"url1725","Positive","N/A: No relevant content."
"url1730","Positive","Potentially unlawful activity"
"url1735","Negative","N/A: No relevant content."
"url1736","Positive","N/A: No relevant content."
"url1744","Positive","N/A: No relevant content."
"url1745","Positive","Potentially unlawful activity"
"url1746","Positive","N/A: No relevant content."
"url1751","Negative","N/A: No relevant content."
"url1752","Negative","N/A: No relevant content."
"url1755","Negative","N/A: No relevant content."
"url1756","Negative","N/A: No relevant content."
"url1757","Positive","Potentially unlawful activity"
"url1761","Positive","Possible Fatality"
"url1766","Negative","N/A: No relevant content."
"url1768","Positive","N/A: No relevant content."
"url1776","Negative","N/A: No relevant content."
"url1781","Negative","N/A: No relevant content."
"url1784","Positive","N/A: No relevant content."
"url1786","Negative","N/A: No relevant content."
"url1791","Negative","N/A: No relevant content."
"url1792","Negative","N/A: No relevant content."
"url1793","Positive","Physical Activity"
"url1796","Negative","N/A: No relevant content."
"url1800","Negative","N/A: No relevant content."
"url1805","Negative","N/A: No relevant content."
"url1807","Positive","N/A: No relevant content."
"url1814","Positive","Possible Fatality"
"url1816","Negative","N/A: No relevant content."
"url1822","Negative","N/A: No relevant content."
"url1833","Negative","N/A: No relevant content."
"url1837","Negative","N/A: No relevant content."
"url1840","Negative","N/A: No relevant content."
"url1841","Negative","N/A: No relevant content."
"url1842","Negative","N/A: No relevant content."
"url1846","Negative","N/A: No relevant content."
"url1851","Positive","Other claim content"
"url1852","Negative","N/A: No relevant content."
"url1855","Positive","Potentially unlawful activity"
"url1861","Negative","N/A: No relevant content."
"url1863","Positive","Potentially unlawful activity"
"url1864","Positive","Potentially unlawful activity"
"url1868","Positive","Possible Fatality"
"url1871","Positive","N/A: No relevant content."
"url1872","Positive","Potentially unlawful activity"
"url1873","Negative","N/A: No relevant content."
"url1874","Negative","N/A: No relevant content."
"url1879","Positive","Possible Fatality"
"url1882","Negative","N/A: No relevant content."
"url1883","Negative","N/A: No relevant content."
"url1888","Positive","Possible Fatality"
"url1892","Negative","N/A: No relevant content."
"url1893","Negative","N/A: No relevant content."
"url1894","Negative","N/A: No relevant content."
"url1897","Negative","N/A: No relevant content."
"url1898","Negative","N/A: No relevant content."
"url1899","Negative","N/A: No relevant content."
"url1900","Negative","N/A: No relevant content."
"url1901","Positive","Potentially unlawful activity"
"url1905","Positive","Potentially unlawful activity"
"url1906","Negative","N/A: No relevant content."
"url1908","Positive","Possible Fatality"
"url1912","Negative","N/A: No relevant content."
"url1916","Negative","N/A: No relevant content."
"url1917","Negative","N/A: No relevant content."
"url1918","Negative","N/A: No relevant content."
"url1922","Negative","N/A: No relevant content."
"url1925","Negative","N/A: No relevant content."
"url1926","Negative","N/A: No relevant content."
"url1928","Positive","Possible Fatality"
"url1933","Positive","N/A: No relevant content."
"url1936","Negative","N/A: No relevant content."
"url1937","Negative","N/A: No relevant content."
"url1940","Positive","Physical Activity"
"url1941","Positive","N/A: No relevant content."
"url1943","Positive","Possible Fatality"
"url1947","Positive","Possible Fatality"
"url1949","Negative","N/A: No relevant content."
"url1951","Positive","Possible Fatality"
"url1955","Positive","Physical Activity"
"url1958","Negative","N/A: No relevant content."
"url1959","Negative","N/A: No relevant content."
"url1968","Positive","Potentially unlawful activity"
"url1970","Negative","N/A: No relevant content."
"url1972","Negative","N/A: No relevant content."
"url1974","Positive","Possible Fatality"
"url1977","Positive","Potentially unlawful activity"
"url1979","Positive","Potentially unlawful activity"
"url1987","Positive","N/A: No relevant content."
"url1993","Positive","Possible Fatality"
"url1996","Negative","N/A: No relevant content."
"url2001","Positive","Possible Fatality"
"url2003","Positive","Potentially unlawful activity"
"url2005","Positive","Potentially unlawful activity"
"url2015","Negative","N/A: No relevant content."
"url2020","Negative","N/A: No relevant content."
"url2022","Negative","Possible Fatality"
"url2026","Positive","Potentially unlawful activity"
"url2027","Negative","N/A: No relevant content."
"url2029","Negative","N/A: No relevant content."
"url2030","Negative","N/A: No relevant content."
"url2032","Negative","N/A: No relevant content."
"url2039","Negative","N/A: No relevant content."
"url2042","Positive","N/A: No relevant content."
"url2043","Positive","Potentially unlawful activity"
"url2049","Positive","N/A: No relevant content."
"url2058","Positive","Other claim content"
"url2060","Positive","N/A: No relevant content."
"url2063","Negative","N/A: No relevant content."
"url2064","Negative","N/A: No relevant content."
"url2068","Negative","Other claim content"
"url2069","Positive","N/A: No relevant content."
"url2076","Negative","N/A: No relevant content."
"url2078","Positive","N/A: No relevant content."
"url2081","Negative","N/A: No relevant content."
"url2086","Positive","Physical Activity"
"url2088","Positive","Potentially unlawful activity"
"url2089","Positive","Possible Fatality"
"url2093","Negative","N/A: No relevant content."
"url2097","Positive","Possible Fatality"
"url2099","Negative","N/A: No relevant content."
"url2102","Negative","N/A: No relevant content."
"url2103","Positive","Possible Fatality"
"url2105","Negative","N/A: No relevant content."
"url2108","Negative","N/A: No relevant content."
"url2113","Positive","N/A: No relevant content."
"url2114","Positive","Physical Activity"
"url2116","Negative","N/A: No relevant content."
"url2118","Positive","Possible Fatality"
"url2121","Negative","N/A: No relevant content."
"url2123","Positive","Possible Fatality"
"url2128","Negative","N/A: No relevant content."
"url2132","Negative","N/A: No relevant content."
"url2134","Positive","Other claim content"
"url2143","Negative","N/A: No relevant content."
"url2145","Negative","N/A: No relevant content."
"url2148","Positive","Potentially unlawful activity"
"url2149","Negative","N/A: No relevant content."
"url2153","Negative","N/A: No relevant content."
"url2154","Negative","N/A: No relevant content."
"url2160","Positive","Possible Fatality"
"url2163","Positive","N/A: No relevant content."
"url2164","Negative","N/A: No relevant content."
"url2167","Positive","N/A: No relevant content."
"url2170","Positive","N/A: No relevant content."
"url2171","Positive","Potentially unlawful activity"
"url2173","Negative","N/A: No relevant content."
"url2174","Positive","N/A: No relevant content."
"url2176","Positive","N/A: No relevant content."
"url2178","Negative","N/A: No relevant content."
"url2181","Negative","N/A: No relevant content."
"url2184","Negative","N/A: No relevant content."
"url2192","Negative","N/A: No relevant content."
"url2193","Negative","N/A: No relevant content."
"url2194","Negative","N/A: No relevant content."
"url2196","Negative","N/A: No relevant content."
"url2197","Negative","N/A: No relevant content."
"url2198","Negative","N/A: No relevant content."
"url2205","Negative","N/A: No relevant content."
"url2208","Negative","N/A: No relevant content."
"url2211","Negative","N/A: No relevant content."
"url2212","Positive","N/A: No relevant content."
"url2213","Positive","Potentially unlawful activity"
"url2215","Negative","N/A: No relevant content."
"url2220","Positive","N/A: No relevant content."
"url2221","Positive","N/A: No relevant content."
"url2223","Positive","Other claim content"
"url2224","Positive","N/A: No relevant content."
"url2226","Positive","Possible Fatality"
"url2228","Negative","N/A: No relevant content."
"url2229","Positive","N/A: No relevant content."
"url2231","Positive","Potentially unlawful activity"
"url2234","Negative","N/A: No relevant content."
"url2240","Negative","N/A: No relevant content."
"url2241","Negative","N/A: No relevant content."
"url2249","Negative","N/A: No relevant content."
"url2252","Negative","N/A: No relevant content."
"url2273","Negative","N/A: No relevant content."
"url2274","Negative","N/A: No relevant content."
"url2276","Positive","Other claim content"
"url2278","Negative","N/A: No relevant content."
"url2280","Negative","N/A: No relevant content."
"url2283","Negative","N/A: No relevant content."
"url2284","Negative","N/A: No relevant content."
"url2289","Negative","N/A: No relevant content."
"url2291","Positive","N/A: No relevant content."
"url2297","Positive","N/A: No relevant content."
"url2299","Negative","Potentially unlawful activity"
"url2300","Positive","Physical Activity"
"url2304","Negative","N/A: No relevant content."
"url2305","Positive","Physical Activity"
"url2307","Positive","Physical Activity"
"url2308","Negative","N/A: No relevant content."
"url2309","Negative","N/A: No relevant content."
"url2311","Positive","N/A: No relevant content."
"url2317","Positive","Possible Fatality"
"url2320","Negative","N/A: No relevant content."
"url2322","Positive","Possible Fatality"
"url2324","Negative","N/A: No relevant content."
"url2325","Negative","N/A: No relevant content."
"url2327","Positive","N/A: No relevant content."
"url2329","Negative","N/A: No relevant content."
"url2339","Positive","Potentially unlawful activity"
"url2340","Negative","N/A: No relevant content."
"url2341","Negative","Possible Fatality"
"url2343","Negative","N/A: No relevant content."
"url2344","Negative","N/A: No relevant content."
"url2345","Positive","N/A: No relevant content."
"url2351","Positive","Physical Activity"
"url2353","Negative","N/A: No relevant content."
"url2363","Negative","N/A: No relevant content."
"url2368","Positive","Potentially unlawful activity"
"url2370","Negative","N/A: No relevant content."
"url2371","Negative","N/A: No relevant content."
"url2375","Positive","Potentially unlawful activity"
"url2376","Positive","Potentially unlawful activity"
"url2381","Negative","N/A: No relevant content."
"url2383","Negative","N/A: No relevant content."
"url2384","Negative","N/A: No relevant content."
"url2386","Negative","N/A: No relevant content."
"url2388","Negative","Other claim content"
"url2389","Negative","N/A: No relevant content."
"url2390","Negative","N/A: No relevant content."
"url2393","Negative","N/A: No relevant content."
"url2396","Negative","N/A: No relevant content."
"url2398","Negative","N/A: No relevant content."
"url2399","Negative","N/A: No relevant content."
"url2401","Negative","N/A: No relevant content."
"url2404","Positive","N/A: No relevant content."
"url2407","Negative","N/A: No relevant content."
"url2412","Positive","N/A: No relevant content."
"url2428","Positive","Physical Activity"
"url2431","Positive","N/A: No relevant content."
"url2436","Negative","N/A: No relevant content."
"url2437","Negative","N/A: No relevant content."
"url2444","Positive","Potentially unlawful activity"
"url2447","Negative","N/A: No relevant content."
"url2450","Positive","Possible Fatality"
"url2451","Negative","N/A: No relevant content."
"url2452","Negative","N/A: No relevant content."
"url2453","Positive","Potentially unlawful activity"
"url2456","Negative","N/A: No relevant content."
"url2457","Positive","N/A: No relevant content."
"url2459","Negative","N/A: No relevant content."
"url2460","Positive","Potentially unlawful activity"
"url2462","Positive","N/A: No relevant content."
"url2463","Negative","N/A: No relevant content."
"url2467","Negative","N/A: No relevant content."
"url2475","Positive","N/A: No relevant content."
"url2477","Negative","N/A: No relevant content."
"url2479","Negative","N/A: No relevant content."
"url2481","Negative","N/A: No relevant content."
"url2483","Negative","N/A: No relevant content."
"url2484","Negative","N/A: No relevant content."
"url2486","Negative","N/A: No relevant content."
"url2498","Negative","N/A: No relevant content."
"url2504","Positive","Potentially unlawful activity"
"url2507","Negative","N/A: No relevant content."
"url2514","Positive","N/A: No relevant content."
"url2515","Negative","N/A: No relevant content."
"url2517","Negative","N/A: No relevant content."
"url2524","Positive","Potentially unlawful activity"
"url2526","Negative","Physical Activity"
"url2528","Positive","Potentially unlawful activity"
"url2535","Positive","Possible Fatality"
"url2540","Negative","N/A: No relevant content."
"url2543","Positive","Potentially unlawful activity"
"url2547","Positive","Potentially unlawful activity"
"url2552","Negative","N/A: No relevant content."
"url2560","Negative","N/A: No relevant content."
"url2561","Negative","N/A: No relevant content."
"url2564","Positive","Potentially unlawful activity"
"url2579","Negative","N/A: No relevant content."
"url2585","Negative","N/A: No relevant content."
"url2586","Negative","N/A: No relevant content."
"url2587","Negative","N/A: No relevant content."
"url2594","Negative","N/A: No relevant content."
"url2597","Positive","Potentially unlawful activity"
"url2611","Negative","N/A: No relevant content."
"url2613","Negative","N/A: No relevant content."
"url2616","Negative","N/A: No relevant content."
"url2621","Negative","N/A: No relevant content."
"url2623","Negative","N/A: No relevant content."
"url2626","Negative","N/A: No relevant content."
"url2631","Positive","N/A: No relevant content."
"url2636","Negative","N/A: No relevant content."
"url2642","Positive","Potentially unlawful activity"
"url2645","Negative","N/A: No relevant content."
"url2646","Negative","N/A: No relevant content."
"url2651","Positive","Possible Fatality"
"url2663","Negative","N/A: No relevant content."
"url2664","Negative","N/A: No relevant content."
"url2669","Negative","N/A: No relevant content."
"url2670","Negative","N/A: No relevant content."
"url2673","Negative","N/A: No relevant content."
"url2677","Positive","N/A: No relevant content."
"url2678","Negative","N/A: No relevant content."
"url2679","Negative","N/A: No relevant content."
"url2680","Negative","Other claim content"
"url2681","Negative","N/A: No relevant content."
"url2684","Negative","N/A: No relevant content."
"url2691","Negative","N/A: No relevant content."
"url2694","Positive","Possible Fatality"
"url2695","Negative","N/A: No relevant content."
"url2699","Negative","N/A: No relevant content."
"url2701","Negative","N/A: No relevant content."
"url2708","Positive","Potentially unlawful activity"
"url2709","Positive","Potentially unlawful activity"
"url2720","Negative","Potentially unlawful activity"
"url2727","Positive","N/A: No relevant content."
"url2728","Positive","N/A: No relevant content."
"url2731","Negative","N/A: No relevant content."
"url2734","Positive","Possible Fatality"
"url2737","Negative","N/A: No relevant content."
"url2742","Positive","N/A: No relevant content."
"url2746","Positive","N/A: No relevant content."
"url2751","Positive","N/A: No relevant content."
"url2752","Positive","N/A: No relevant content."
"url2754","Positive","Physical Activity"
"url2761","Positive","Potentially unlawful activity"
"url2762","Negative","N/A: No relevant content."
"url2765","Negative","N/A: No relevant content."
"url2770","Positive","N/A: No relevant content."
"url2776","Negative","N/A: No relevant content."
"url2781","Negative","N/A: No relevant content."
"url2791","Positive","Physical Activity"
"url2798","Negative","N/A: No relevant content."
"url2802","Positive","Possible Fatality"
"url2806","Negative","N/A: No relevant content."
"url2811","Negative","N/A: No relevant content."
"url2813","Positive","N/A: No relevant content."
"url2818","Positive","Possible Fatality"
"url2821","Positive","N/A: No relevant content."
"url2827","Negative","Physical Activity"
"url2831","Negative","N/A: No relevant content."
"url2835","Negative","N/A: No relevant content."
"url2843","Positive","Potentially unlawful activity"
"url2847","Positive","Potentially unlawful activity"
"url2848","Negative","N/A: No relevant content."
"url2850","Negative","N/A: No relevant content."
"url2854","Positive","Potentially unlawful activity"
"url2855","Positive","Possible Fatality"
"url2860","Negative","N/A: No relevant content."
"url2863","Negative","N/A: No relevant content."
"url2866","Positive","Potentially unlawful activity"
"url2867","Negative","N/A: No relevant content."
"url2871","Positive","N/A: No relevant content."
"url2873","Positive","Possible Fatality"
"url2883","Positive","Possible Fatality"
"url2886","Positive","Physical Activity"
"url2888","Negative","N/A: No relevant content."
"url2897","Positive","N/A: No relevant content."
"url2900","Negative","N/A: No relevant content."
"url2903","Negative","N/A: No relevant content."
"url2906","Positive","N/A: No relevant content."
"url2910","Negative","N/A: No relevant content."
"url2912","Positive","Potentially unlawful activity"
"url2923","Negative","N/A: No relevant content."
"url2924","Negative","N/A: No relevant content."
"url2927","Positive","Possible Fatality"
"url2935","Positive","Physical Activity"
"url2937","Positive","N/A: No relevant content."
"url2951","Negative","N/A: No relevant content."
"url2952","Positive","Other claim content"
"url2955","Positive","Possible Fatality"
"url2960","Positive","N/A: No relevant content."
"url2961","Positive","Potentially unlawful activity"
"url2965","Positive","Possible Fatality"
"url2970","Positive","Possible Fatality"
"url2972","Negative","N/A: No relevant content."
"url2979","Negative","N/A: No relevant content."
"url2980","Positive","Potentially unlawful activity"
"url2985","Positive","Possible Fatality"
"url2993","Negative","N/A: No relevant content."
"url2994","Negative","N/A: No relevant content."
"url2997","Negative","N/A: No relevant content."
"url3002","Negative","N/A: No relevant content."
"url3003","Positive","Possible Fatality"
"url3004","Positive","Possible Fatality"
"url3005","Negative","N/A: No relevant content."
"url3006","Negative","N/A: No relevant content."
"url3010","Positive","Potentially unlawful activity"
"url3011","Negative","N/A: No relevant content."
"url3015","Positive","Possible Fatality"
"url3019","Negative","N/A: No relevant content."
"url3022","Positive","Possible Fatality"
"url3025","Negative","N/A: No relevant content."
"url3026","Negative","N/A: No relevant content."
"url3027","Negative","N/A: No relevant content."
"url3029","Negative","N/A: No relevant content."
"url3031","Negative","N/A: No relevant content."
"url3034","Positive","N/A: No relevant content."
"url3035","Positive","Potentially unlawful activity"
"url3036","Positive","Physical Activity"
"url3041","Negative","N/A: No relevant content."
"url3043","Negative","N/A: No relevant content."
"url3053","Negative","N/A: No relevant content."
"url3060","Negative","N/A: No relevant content."
"url3061","Negative","N/A: No relevant content."
"url3068","Positive","N/A: No relevant content."
"url3070","Positive","N/A: No relevant content."
"url3071","Negative","N/A: No relevant content."
"url3077","Negative","N/A: No relevant content."
"url3085","Positive","N/A: No relevant content."
"url3087","Negative","N/A: No relevant content."
"url3091","Negative","N/A: No relevant content."
"url3093","Negative","N/A: No relevant content."
"url3094","Positive","Possible Fatality"
